{"cameraMode":{"drawMode":0,"name":"Shaded","section":"Shading Mode"},"sceneLighting":true,"audioPlay":false,"sceneViewState":{"showFog":true,"showMaterialUpdate":false,"showSkybox":true,"showFlares":true,"showImageEffects":true,"showParticleSystems":true},"in2DMode":false,"pivot":{"x":-18.394651412963868,"y":7.92587423324585,"z":4.930684566497803},"rotation":{"x":-0.1798916608095169,"y":-0.7668885588645935,"z":0.24381233751773835,"w":-0.5658862590789795},"size":2.8578836917877199,"orthographic":false}