{"cameraMode":{"drawMode":0,"name":"Shaded","section":"Shading Mode"},"sceneLighting":true,"audioPlay":false,"sceneViewState":{"showFog":true,"showMaterialUpdate":false,"showSkybox":true,"showFlares":true,"showImageEffects":true,"showParticleSystems":true},"in2DMode":false,"pivot":{"x":2.560009717941284,"y":12.548928260803223,"z":-3.9612388610839845},"rotation":{"x":0.5445361137390137,"y":0.03267983719706535,"z":-0.021260229870676996,"w":0.8378691673278809},"size":2.8578836917877199,"orthographic":false}